gene_symbol,allele_symbol,zygosity,center,analysis_type,analysis_key,bayes_factor,p_hearing_loss,n_mutants_reported,n_total_mice,dominant_cluster,n_dominant,consistency_score,cluster_0,cluster_1,cluster_2,cluster_3,cluster_distribution,male_n_mice,male_dominant_cluster,male_consistency_score,male_cluster_0,male_cluster_1,male_cluster_2,male_cluster_3,female_n_mice,female_dominant_cluster,female_consistency_score,female_cluster_0,female_cluster_1,female_cluster_2,female_cluster_3,sig_in_all,sig_in_male,sig_in_female,all_bayes_factor,male_bayes_factor,female_bayes_factor,cluster_pattern
Plcb4,Plcb4<tm1b(EUCOMM)Wtsi>,homozygote,UC Davis,all,Plcb4_Plcb4<tm1b(EUCOMM)Wtsi>_homozygote_UC Davis,3.4077134986225897,0.625,4.0,4,1,3,0.75,0,3,0,1,"{1: 3, 3: 1}",2.0,1.0,1.0,0.0,2.0,0.0,0.0,2.0,1.0,0.5,0.0,1.0,0.0,1.0,True,False,False,3.4077134986225897,,,control/normal
Mir96,Mir96<tm3.2(IMPC)Wtsi>,homozygote,WTSI,all,Mir96_Mir96<tm3.2(IMPC)Wtsi>_homozygote_WTSI,5.920415224913495,0.666,5.0,5,2,5,1.0,0,0,5,0,{2: 5},3.0,2.0,1.0,0.0,0.0,3.0,0.0,2.0,2.0,1.0,0.0,0.0,2.0,0.0,True,False,False,5.920415224913495,1.874595759971254,,high_frequency_loss
Wdr45,Wdr45<em1(IMPC)J>,hemizygote,JAX,all,Wdr45_Wdr45<em1(IMPC)J>_hemizygote_JAX,3.4918585064570467,0.626,4.0,4,0,4,1.0,4,0,0,0,{0: 4},4.0,0.0,1.0,4.0,0.0,0.0,0.0,0.0,,,0.0,0.0,0.0,0.0,True,True,False,3.4918585064570467,3.3080236941303176,,moderate_HL
Lpp,Lpp<tm1b(KOMP)Wtsi>,homozygote,HMGU,all,Lpp_Lpp<tm1b(KOMP)Wtsi>_homozygote_HMGU,4.925925925925926,0.658,6.0,6,1,4,0.6666666666666666,2,4,0,0,"{1: 4, 0: 2}",2.0,1.0,1.0,0.0,2.0,0.0,0.0,4.0,1.0,0.5,2.0,2.0,0.0,0.0,True,False,False,4.925925925925926,,1.7855153203342615,control/normal
Lpp,Lpp<tm1b(KOMP)Wtsi>,heterozygote,HMGU,all,Lpp_Lpp<tm1b(KOMP)Wtsi>_heterozygote_HMGU,6.866273352999016,0.661,8.0,8,1,5,0.625,3,5,0,0,"{1: 5, 0: 3}",4.0,0.0,0.5,2.0,2.0,0.0,0.0,4.0,1.0,0.75,1.0,3.0,0.0,0.0,True,False,False,6.866273352999016,0.8748535270681977,2.966286564204264,control/normal
Cep250,Cep250<tm1a(EUCOMM)Wtsi>,homozygote,WTSI,all,Cep250_Cep250<tm1a(EUCOMM)Wtsi>_homozygote_WTSI,17.30663615560641,0.727,7.0,7,3,5,0.7142857142857143,0,2,0,5,"{3: 5, 1: 2}",5.0,3.0,0.6,0.0,2.0,0.0,3.0,2.0,3.0,1.0,0.0,0.0,0.0,2.0,True,True,False,17.30663615560641,5.0652009097801365,,severe_HL
Gm5148,Gm5148<em1(IMPC)Ccpcz>,heterozygote,CCP-IMG,all,Gm5148_Gm5148<em1(IMPC)Ccpcz>_heterozygote_CCP-IMG,4.965697240865026,0.628,13.0,13,0,7,0.5384615384615384,7,6,0,0,"{0: 7, 1: 6}",8.0,1.0,0.625,3.0,5.0,0.0,0.0,5.0,0.0,0.8,4.0,1.0,0.0,0.0,True,False,True,4.965697240865026,0.2872083668543845,3.3596730245231607,moderate_HL
Blvrb,Blvrb<tm1(KOMP)Wtsi>,homozygote,MARC,all,Blvrb_Blvrb<tm1(KOMP)Wtsi>_homozygote_MARC,9.6951871657754,0.684,8.0,8,1,4,0.5,3,4,0,1,"{1: 4, 0: 3, 3: 1}",4.0,1.0,0.5,1.0,2.0,0.0,1.0,4.0,1.0,0.5,2.0,2.0,0.0,0.0,True,True,False,9.6951871657754,3.4004400440044003,0.998001998001998,control/normal
Atg4b,Atg4b<em1(IMPC)Marc>,homozygote,MARC,all,Atg4b_Atg4b<em1(IMPC)Marc>_homozygote_MARC,3.481792717086835,0.626,4.0,4,1,4,1.0,0,4,0,0,{1: 4},2.0,1.0,1.0,0.0,2.0,0.0,0.0,2.0,1.0,1.0,0.0,2.0,0.0,0.0,True,False,False,3.481792717086835,,,control/normal
Wrnip1,Wrnip1<tm1b(EUCOMM)Wtsi>,homozygote,HMGU,all,Wrnip1_Wrnip1<tm1b(EUCOMM)Wtsi>_homozygote_HMGU,8.248554913294798,0.692,6.0,6,1,5,0.8333333333333334,1,5,0,0,"{1: 5, 0: 1}",4.0,1.0,0.75,1.0,3.0,0.0,0.0,2.0,1.0,1.0,0.0,2.0,0.0,0.0,True,True,False,8.248554913294798,3.075394803871625,,control/normal
Cimip2b,Cimip2b<tm1(KOMP)Wtsi>,homozygote,MARC,all,Cimip2b_Cimip2b<tm1(KOMP)Wtsi>_homozygote_MARC,3.3057050592034445,0.622,4.0,4,1,4,1.0,0,4,0,0,{1: 4},2.0,1.0,1.0,0.0,2.0,0.0,0.0,2.0,1.0,1.0,0.0,2.0,0.0,0.0,True,False,False,3.3057050592034445,,,control/normal
Klc2,Klc2<tm1e(EUCOMM)Wtsi>,homozygote,WTSI,all,Klc2_Klc2<tm1e(EUCOMM)Wtsi>_homozygote_WTSI,346.8260869565217,0.824,13.0,13,2,7,0.5384615384615384,3,3,7,0,"{2: 7, 0: 3, 1: 3}",7.0,2.0,0.8571428571428571,1.0,0.0,6.0,0.0,6.0,1.0,0.5,2.0,3.0,1.0,0.0,True,True,True,346.8260869565217,14.32567049808429,9.471204188481677,high_frequency_loss
Spns2,Spns2<tm1b(KOMP)Wtsi>,homozygote,WTSI,all,Spns2_Spns2<tm1b(KOMP)Wtsi>_homozygote_WTSI,29.303030303030305,0.751,8.0,8,2,8,1.0,0,0,8,0,{2: 8},6.0,2.0,1.0,0.0,0.0,6.0,0.0,2.0,2.0,1.0,0.0,0.0,2.0,0.0,True,True,False,29.303030303030305,10.235955056179776,,high_frequency_loss
Phf3,Phf3<em2(IMPC)Marc>,homozygote,MARC,all,Phf3_Phf3<em2(IMPC)Marc>_homozygote_MARC,5.796941376380628,0.666,5.0,5,3,3,0.6,1,1,0,3,"{3: 3, 1: 1, 0: 1}",2.0,3.0,0.5,0.0,1.0,0.0,1.0,3.0,3.0,0.6666666666666666,1.0,0.0,0.0,2.0,True,False,False,5.796941376380628,,1.9175784099197664,severe_HL
Klhl18,Klhl18<tm1a(KOMP)Wtsi>,homozygote,WTSI,all,Klhl18_Klhl18<tm1a(KOMP)Wtsi>_homozygote_WTSI,28.197080291970803,0.75,8.0,8,0,8,1.0,8,0,0,0,{0: 8},7.0,0.0,1.0,7.0,0.0,0.0,0.0,1.0,0.0,1.0,1.0,0.0,0.0,0.0,True,True,False,28.197080291970803,17.433179723502302,,moderate_HL
Osbpl8,Osbpl8<em1(IMPC)Tcp>,homozygote,TCP,all,Osbpl8_Osbpl8<em1(IMPC)Tcp>_homozygote_TCP,28.52029520295203,0.75,8.0,8,2,8,1.0,0,0,8,0,{2: 8},4.0,2.0,1.0,0.0,0.0,4.0,0.0,4.0,2.0,1.0,0.0,0.0,4.0,0.0,True,True,True,28.52029520295203,3.340748779164406,3.5045045045045047,high_frequency_loss
Lrp1b,Lrp1b<em1(IMPC)Hmgu>,heterozygote,HMGU,all,Lrp1b_Lrp1b<em1(IMPC)Hmgu>_heterozygote_HMGU,15.227180527383368,0.721,7.0,7,1,4,0.5714285714285714,3,4,0,0,"{0: 3, 1: 4}",3.0,0.0,0.6666666666666666,2.0,1.0,0.0,0.0,4.0,1.0,0.75,1.0,3.0,0.0,0.0,True,False,False,15.227180527383368,1.9218407596785976,2.3458803847762444,control/normal
Nedd4l,Nedd4l<tm1b(KOMP)Wtsi>,homozygote,MRC Harwell,all,Nedd4l_Nedd4l<tm1b(KOMP)Wtsi>_homozygote_MRC Harwell,6.168458781362007,0.666,5.0,5,2,5,1.0,0,0,5,0,{2: 5},2.0,2.0,1.0,0.0,0.0,2.0,0.0,3.0,2.0,1.0,0.0,0.0,3.0,0.0,True,False,False,6.168458781362007,,1.881844380403458,high_frequency_loss
Kif13a,Kif13a<em1(IMPC)Mbp>,homozygote,UC Davis,all,Kif13a_Kif13a<em1(IMPC)Mbp>_homozygote_UC Davis,3.451864218141347,0.626,4.0,4,2,4,1.0,0,0,4,0,{2: 4},2.0,2.0,1.0,0.0,0.0,2.0,0.0,2.0,2.0,1.0,0.0,0.0,2.0,0.0,True,False,False,3.451864218141347,,,high_frequency_loss
Clrn2,Clrn2<em1(IMPC)J>,homozygote,JAX,all,Clrn2_Clrn2<em1(IMPC)J>_homozygote_JAX,29.53435114503817,0.749,8.0,8,2,8,1.0,0,0,8,0,{2: 8},4.0,2.0,1.0,0.0,0.0,4.0,0.0,4.0,2.0,1.0,0.0,0.0,4.0,0.0,True,True,True,29.53435114503817,3.3883708173340645,3.3691971600218458,high_frequency_loss
Otoa,Otoa<tm1.1(KOMP)Vlcg>,homozygote,UC Davis,all,Otoa_Otoa<tm1.1(KOM50.38774165,32.61,0.75,8.0,8,2,8,1.0,0,0,8,0,{2: 8},4.0,2.0,1.0,0.0,0.0,4.0,0.0,4.0,2.0,1.0,0.0,0.0,4.0,0.0,True,False,False,32.61,0.919,0.898,high_frequency_loss
Fbxo38,Fbxo38<em2(IMPC)Marc>,homozygote,MARC,all,Fbxo38_Fbxo38<em2(IMPC)Marc>_homozygote_MARC,3.173187271778821,0.617,4.0,4,1,4,1.0,0,4,0,0,{1: 4},2.0,1.0,1.0,0.0,2.0,0.0,0.0,2.0,1.0,1.0,0.0,2.0,0.0,0.0,True,False,False,3.173187271778821,,,control/normal
Slc17a8,Slc17a8<em1(IMPC)Mbp>,homozygote,UC Davis,all,Slc17a8_Slc17a8<em1(IMPC)Mbp>_homozygote_UC Davis,3.3859649122807016,0.624,4.0,4,2,4,1.0,0,0,4,0,{2: 4},2.0,2.0,1.0,0.0,0.0,2.0,0.0,2.0,2.0,1.0,0.0,0.0,2.0,0.0,True,False,False,3.3859649122807016,,,high_frequency_loss
Krtcap2,Krtcap2<em1(IMPC)J>,homozygote,JAX,all,Krtcap2_Krtcap2<em1(IMPC)J>_homozygote_JAX,28.9625468164794,0.751,8.0,8,0,7,0.875,7,0,1,0,"{0: 7, 2: 1}",4.0,0.0,0.75,3.0,0.0,1.0,0.0,4.0,0.0,1.0,4.0,0.0,0.0,0.0,True,True,True,28.9625468164794,3.3383947939262475,3.3787629994526545,moderate_HL
Rab11fip3,Rab11fip3<em1(IMPC)J>,homozygote,JAX,all,Rab11fip3_Rab11fip3<em1(IMPC)J>_homozygote_JAX,29.18867924528302,0.75,8.0,8,0,5,0.625,5,0,3,0,"{2: 3, 0: 5}",4.0,0.0,1.0,4.0,0.0,0.0,0.0,4.0,2.0,0.75,1.0,0.0,3.0,0.0,True,True,True,29.18867924528302,3.402861860209136,3.3883708173340645,moderate_HL
Aak1,Aak1<tm1b(EUCOMM)Hmgu>,homozygote,ICS,all,Aak1_Aak1<tm1b(EUCOMM)Hmgu>_homozygote_ICS,63.0,0.733,17.0,17,0,8,0.47058823529411764,8,3,5,1,"{2: 5, 3: 1, 0: 8, 1: 3}",8.0,0.0,0.625,5.0,1.0,1.0,1.0,9.0,2.0,0.4444444444444444,3.0,2.0,4.0,0.0,True,True,True,63.0,31.388663967611336,4.115089514066496,moderate_HL
Btbd7,Btbd7<em1(IMPC)Ccpcz>,homozygote,CCP-IMG,all,Btbd7_Btbd7<em1(IMPC)Ccpcz>_homozygote_CCP-IMG,56.142857142857146,0.751,15.0,15,1,8,0.5333333333333333,7,8,0,0,"{0: 7, 1: 8}",7.0,1.0,0.7142857142857143,2.0,5.0,0.0,0.0,8.0,0.0,0.625,5.0,3.0,0.0,0.0,True,False,True,56.142857142857146,0.7010418881564958,25.058631921824105,control/normal
Elmod1,Elmod1<tm1b(EUCOMM)Hmgu>,homozygote,MRC Harwell,all,Elmod1_Elmod1<tm1b(EUCOMM)Hmgu>_homozygote_MRC Harwell,3.3057050592034445,0.624,4.0,4,2,4,1.0,0,0,4,0,{2: 4},2.0,2.0,1.0,0.0,0.0,2.0,0.0,2.0,2.0,1.0,0.0,0.0,2.0,0.0,True,False,False,3.3057050592034445,,,high_frequency_loss
Myo7a,Myo7a<tm1a(EUCOMM)Wtsi>,homozygote,WTSI,all,Myo7a_Myo7a<tm1a(EUCOMM)Wtsi>_homozygote_WTSI,33.63203463203463,0.751,8.0,8,2,8,1.0,0,0,8,0,{2: 8},4.0,2.0,1.0,0.0,0.0,4.0,0.0,4.0,2.0,1.0,0.0,0.0,4.0,0.0,True,True,True,33.63203463203463,3.239533651298357,3.2440318302387268,high_frequency_loss
Grxcr1,Grxcr1<em1(IMPC)J>,homozygote,JAX,all,Grxcr1_Grxcr1<em1(IMPC)J>_homozygote_JAX,32.47280334728033,0.749,8.0,8,2,8,1.0,0,0,8,0,{2: 8},4.0,2.0,1.0,0.0,0.0,4.0,0.0,4.0,2.0,1.0,0.0,0.0,4.0,0.0,True,True,True,32.47280334728033,3.5845272206303727,3.350190320826536,high_frequency_loss
Zfp719,Zfp719<tm1b(EUCOMM)Wtsi>,homozygote,WTSI,all,Zfp719_Zfp719<tm1b(EUCOMM)Wtsi>_homozygote_WTSI,172.91304347826087,0.801,11.0,11,2,11,1.0,0,0,11,0,{2: 11},7.0,2.0,1.0,0.0,0.0,7.0,0.0,4.0,2.0,1.0,0.0,0.0,4.0,0.0,True,True,True,172.91304347826087,17.561484918793504,3.37636761487965,high_frequency_loss
Zfp719,Zfp719<tm1a(EUCOMM)Wtsi>,homozygote,WTSI,all,Zfp719_Zfp719<tm1a(EUCOMM)Wtsi>_homozygote_WTSI,85.02150537634408,0.786,10.0,10,2,10,1.0,0,0,10,0,{2: 10},4.0,2.0,1.0,0.0,0.0,4.0,0.0,6.0,2.0,1.0,0.0,0.0,6.0,0.0,True,True,True,85.02150537634408,3.456824512534819,10.204481792717086,high_frequency_loss
Cep85l,Cep85l<em1(IMPC)Mbp>,homozygote,UC Davis,all,Cep85l_Cep85l<em1(IMPC)Mbp>_homozygote_UC Davis,3.3313481321061182,0.623,4.0,4,2,4,1.0,0,0,4,0,{2: 4},2.0,2.0,1.0,0.0,0.0,2.0,0.0,2.0,2.0,1.0,0.0,0.0,2.0,0.0,True,False,False,3.3313481321061182,,,high_frequency_loss
Duoxa2,Duoxa2<tm1b(KOMP)Wtsi>,homozygote,WTSI,all,Duoxa2_Duoxa2<tm1b(KOMP)Wtsi>_homozygote_WTSI,33.93449781659389,0.749,8.0,8,2,8,1.0,0,0,8,0,{2: 8},6.0,2.0,1.0,0.0,0.0,6.0,0.0,2.0,2.0,1.0,0.0,0.0,2.0,0.0,True,True,False,33.93449781659389,10.851851851851851,,high_frequency_loss
Hsd17b4,Hsd17b4<em1(IMPC)Tcp>,homozygote,TCP,all,Hsd17b4_Hsd17b4<em1(IMPC)Tcp>_homozygote_TCP,3.07955124936257,0.62,4.0,4,1,3,0.75,1,3,0,0,"{0: 1, 1: 3}",2.0,1.0,1.0,0.0,2.0,0.0,0.0,2.0,0.0,0.5,1.0,1.0,0.0,0.0,True,False,False,3.07955124936257,,,control/normal
Col9a2,Col9a2<tm1b(EUCOMM)Wtsi>,homozygote,MRC Harwell,all,Col9a2_Col9a2<tm1b(EUCOMM)Wtsi>_homozygote_MRC Harwell,3.5792787635947336,0.626,4.0,4,0,3,0.75,3,0,0,1,"{0: 3, 3: 1}",2.0,0.0,0.5,1.0,0.0,0.0,1.0,2.0,0.0,1.0,2.0,0.0,0.0,0.0,True,False,False,3.5792787635947336,,,moderate_HL
Nlk,Nlk<tm2b(KOMP)Wtsi>,heterozygote,ICS,all,Nlk_Nlk<tm2b(KOMP)Wtsi>_heterozygote_ICS,11.82051282051282,0.672,16.0,16,1,15,0.9375,0,15,0,1,"{1: 15, 3: 1}",8.0,1.0,1.0,0.0,8.0,0.0,0.0,8.0,1.0,0.875,0.0,7.0,0.0,1.0,True,False,True,11.82051282051282,0.6303240269003464,5.211180124223603,control/normal
Plscr5,Plscr5<em1(IMPC)J>,homozygote,JAX,all,Plscr5_Plscr5<em1(IMPC)J>_homozygote_JAX,30.25,0.75,8.0,8,2,6,0.75,2,0,6,0,"{0: 2, 2: 6}",4.0,2.0,1.0,0.0,0.0,4.0,0.0,4.0,0.0,0.5,2.0,0.0,2.0,0.0,True,True,True,30.25,3.600345025876941,3.350190320826536,high_frequency_loss
Arv1,Arv1<em1(IMPC)J>,homozygote,JAX,all,Arv1_Arv1<em1(IMPC)J>_homozygote_JAX,4.8013052936910805,0.638,7.0,7,0,4,0.5714285714285714,4,1,2,0,"{0: 4, 2: 2, 1: 1}",3.0,2.0,0.6666666666666666,1.0,0.0,2.0,0.0,4.0,0.0,0.75,3.0,1.0,0.0,0.0,True,False,False,4.8013052936910805,1.8776978417266188,1.009545340366742,moderate_HL
Kcne1,Kcne1<tm1b(EUCOMM)Hmgu>,homozygote,ICS,all,Kcne1_Kcne1<tm1b(EUCOMM)Hmgu>_homozygote_ICS,614.3846153846154,0.834,14.0,14,2,14,1.0,0,0,14,0,{2: 14},6.0,2.0,1.0,0.0,0.0,6.0,0.0,8.0,2.0,1.0,0.0,0.0,8.0,0.0,True,True,True,614.3846153846154,10.157601115760112,28.85074626865672,high_frequency_loss
Tprn,Tprn<tm1.1(KOMP)Vlcg>,homozygote,JAX,all,Tprn_Tprn<tm1.1(KOMP)Vlcg>_homozygote_JAX,30.496062992125985,0.749,8.0,8,2,8,1.0,0,0,8,0,{2: 8},4.0,2.0,1.0,0.0,0.0,4.0,0.0,4.0,2.0,1.0,0.0,0.0,4.0,0.0,True,True,True,30.496062992125985,3.3835616438356166,3.5095828635851185,high_frequency_loss
Otog,Otog<em1(IMPC)J>,homozygote,JAX,all,Otog_Otog<em1(IMPC)J>_homozygote_JAX,29.76923076923077,0.749,8.0,8,0,4,0.5,4,0,4,0,"{0: 4, 2: 4}",4.0,0.0,0.5,2.0,0.0,2.0,0.0,4.0,2.0,0.5,2.0,0.0,2.0,0.0,True,True,True,29.76923076923077,3.6242774566473983,3.393190554640308,moderate_HL
Usp53,Usp53<em1(IMPC)Tcp>,homozygote,TCP,all,Usp53_Usp53<em1(IMPC)Tcp>_homozygote_TCP,10.494252873563218,0.701,6.0,6,2,6,1.0,0,0,6,0,{2: 6},3.0,2.0,1.0,0.0,0.0,3.0,0.0,3.0,2.0,1.0,0.0,0.0,3.0,0.0,True,False,False,10.494252873563218,1.9357798165137616,1.8551034975017844,high_frequency_loss
Minar2,Minar2<tm1b(KOMP)Wtsi>,homozygote,WTSI,all,Minar2_Minar2<tm1b(KOMP)Wtsi>_homozygote_WTSI,30.872509960159363,0.75,8.0,8,2,8,1.0,0,0,8,0,{2: 8},4.0,2.0,1.0,0.0,0.0,4.0,0.0,4.0,2.0,1.0,0.0,0.0,4.0,0.0,True,True,True,30.872509960159363,3.345464421510049,3.39802089059923,high_frequency_loss
Phf10,Phf10<tm1b(EUCOMM)Hmgu>,heterozygote,HMGU,all,Phf10_Phf10<tm1b(EUCOMM)Hmgu>_heterozygote_HMGU,26.303754266211605,0.742,8.0,8,0,4,0.5,4,4,0,0,"{0: 4, 1: 4}",4.0,0.0,0.5,2.0,2.0,0.0,0.0,4.0,1.0,0.5,2.0,2.0,0.0,0.0,True,True,False,26.303754266211605,3.3883708173340645,0.8058690744920993,moderate_HL
Col9a3,Col9a3<em1(IMPC)Tcp>,homozygote,TCP,all,Col9a3_Col9a3<em1(IMPC)Tcp>_homozygote_TCP,10.157601115760112,0.699,6.0,6,1,5,0.8333333333333334,1,5,0,0,"{1: 5, 0: 1}",3.0,1.0,1.0,0.0,3.0,0.0,0.0,3.0,1.0,0.6666666666666666,1.0,2.0,0.0,0.0,True,False,False,10.157601115760112,1.7845457709711103,1.1197668256491786,control/normal
Myo6,Myo6<em1(IMPC)Tcp>,homozygote,TCP,all,Myo6_Myo6<em1(IMPC)Tcp>_homozygote_TCP,3.429678848283499,0.625,4.0,4,2,4,1.0,0,0,4,0,{2: 4},2.0,2.0,1.0,0.0,0.0,2.0,0.0,2.0,2.0,1.0,0.0,0.0,2.0,0.0,True,False,False,3.429678848283499,,,high_frequency_loss
Mcidas,Mcidas<em2(IMPC)Tcp>,homozygote,TCP,all,Mcidas_Mcidas<em2(IMPC)Tcp>_homozygote_TCP,26.491408934707906,0.749,8.0,8,0,7,0.875,7,0,1,0,"{0: 7, 2: 1}",4.0,0.0,1.0,4.0,0.0,0.0,0.0,4.0,0.0,0.75,3.0,0.0,1.0,0.0,True,True,True,26.491408934707906,3.4272274488101826,3.4717719396310787,moderate_HL
Otogl,Otogl<em1(IMPC)J>,homozygote,JAX,all,Otogl_Otogl<em1(IMPC)J>_homozygote_JAX,17.433179723502302,0.726,7.0,7,2,7,1.0,0,0,7,0,{2: 7},3.0,2.0,1.0,0.0,0.0,3.0,0.0,4.0,2.0,1.0,0.0,0.0,4.0,0.0,True,False,True,17.433179723502302,1.9553010712966383,3.3313481321061182,high_frequency_loss
Homer2,Homer2<em1(IMPC)J>,homozygote,JAX,all,Homer2_Homer2<em1(IMPC)J>_homozygote_JAX,29.76923076923077,0.75,8.0,8,2,6,0.75,2,0,6,0,"{2: 6, 0: 2}",4.0,2.0,0.75,1.0,0.0,3.0,0.0,4.0,2.0,0.75,1.0,0.0,3.0,0.0,True,True,True,29.76923076923077,3.63768115942029,3.4717719396310787,high_frequency_loss
Ppp1r14a,Ppp1r14a<em1(IMPC)Marc>,homozygote,MARC,all,Ppp1r14a_Ppp1r14a<em1(IMPC)Marc>_homozygote_MARC,3.333694474539545,0.624,4.0,4,1,4,1.0,0,4,0,0,{1: 4},2.0,1.0,1.0,0.0,2.0,0.0,0.0,2.0,1.0,1.0,0.0,2.0,0.0,0.0,True,False,False,3.333694474539545,,,control/normal
Brd2,Brd2<em1(IMPC)Wtsi>,heterozygote,WTSI,all,Brd2_Brd2<em1(IMPC)Wtsi>_heterozygote_WTSI,4.449591280653951,0.646,6.0,6,1,6,1.0,0,6,0,0,{1: 6},2.0,1.0,1.0,0.0,2.0,0.0,0.0,4.0,1.0,1.0,0.0,4.0,0.0,0.0,True,False,False,4.449591280653951,,0.034393586759762,control/normal
Enpp1,Enpp1<em1(IMPC)Ccpcz>,homozygote,CCP-IMG,all,Enpp1_Enpp1<em1(IMPC)Ccpcz>_homozygote_CCP-IMG,18.464720194647203,0.728,10.0,10,1,6,0.6,2,6,2,0,"{1: 6, 0: 2, 2: 2}",5.0,1.0,0.6,1.0,3.0,1.0,0.0,5.0,1.0,0.6,1.0,3.0,1.0,0.0,True,True,False,18.464720194647203,4.194805194805195,0.3698630136986301,control/normal
Gipc3,Gipc3<tm1b(KOMP)Wtsi>,homozygote,JAX,all,Gipc3_Gipc3<tm1b(KOMP)Wtsi>_homozygote_JAX,52.69127516778523,0.769,9.0,9,2,9,1.0,0,0,9,0,{2: 9},5.0,2.0,1.0,0.0,0.0,5.0,0.0,4.0,2.0,1.0,0.0,0.0,4.0,0.0,True,True,True,52.69127516778523,5.861063464837049,3.37636761487965,high_frequency_loss
Triobp,Triobp<em1(IMPC)J>,homozygote,JAX,all,Triobp_Triobp<em1(IMPC)J>_homozygote_JAX,17.867924528301888,0.728,7.0,7,2,7,1.0,0,0,7,0,{2: 7},3.0,2.0,1.0,0.0,0.0,3.0,0.0,4.0,2.0,1.0,0.0,0.0,4.0,0.0,True,False,True,17.867924528301888,1.9618659755646053,3.610951008645533,high_frequency_loss
Fbxl8,Fbxl8<em2(IMPC)Marc>,homozygote,MARC,all,Fbxl8_Fbxl8<em2(IMPC)Marc>_homozygote_MARC,3.484304932735426,0.625,4.0,4,1,2,0.5,0,2,0,2,"{1: 2, 3: 2}",2.0,1.0,0.5,0.0,1.0,0.0,1.0,2.0,1.0,0.5,0.0,1.0,0.0,1.0,True,False,False,3.484304932735426,,,control/normal
Dctd,Dctd<em1(IMPC)Marc>,homozygote,MARC,all,Dctd_Dctd<em1(IMPC)Marc>_homozygote_MARC,3.422332780541736,0.625,4.0,4,1,3,0.75,1,3,0,0,"{0: 1, 1: 3}",2.0,1.0,1.0,0.0,2.0,0.0,0.0,2.0,0.0,0.5,1.0,1.0,0.0,0.0,True,False,False,3.422332780541736,,,control/normal
Tmtc4,Tmtc4<tm1.1(KOMP)Vlcg>,homozygote,UC Davis,all,Tmtc4_Tmtc4<tm1.1(KOMP)Vlcg>_homozygote_UC Davis,3.326663061114116,0.624,4.0,4,2,4,1.0,0,0,4,0,{2: 4},2.0,2.0,1.0,0.0,0.0,2.0,0.0,2.0,2.0,1.0,0.0,0.0,2.0,0.0,True,False,False,3.326663061114116,,,high_frequency_loss
Bod1,Bod1<tm1b(KOMP)Wtsi>,heterozygote,MARC,all,Bod1_Bod1<tm1b(KOMP)Wtsi>_heterozygote_MARC,3.4077134986225897,0.625,4.0,4,3,3,0.75,0,1,0,3,"{3: 3, 1: 1}",2.0,3.0,1.0,0.0,0.0,0.0,2.0,2.0,3.0,0.5,0.0,1.0,0.0,1.0,True,False,False,3.4077134986225897,,,severe_HL
Ube2w,Ube2w<tm1b(EUCOMM)Wtsi>,homozygote,MARC,all,Ube2w_Ube2w<tm1b(EUCOMM)Wtsi>_homozygote_MARC,3.4198895027624308,0.625,4.0,4,0,2,0.5,2,2,0,0,"{0: 2, 1: 2}",2.0,1.0,0.5,1.0,1.0,0.0,0.0,2.0,0.0,0.5,1.0,1.0,0.0,0.0,True,False,False,3.4198895027624308,,,moderate_HL
Rap1gap2,Rap1gap2<tm1b(EUCOMM)Hmgu>,homozygote,ICS,all,Rap1gap2_Rap1gap2<tm1b(EUCOMM)Hmgu>_homozygote_ICS,9.95890410958904,0.7,6.0,6,3,4,0.6666666666666666,1,1,0,4,"{3: 4, 0: 1, 1: 1}",3.0,0.0,0.3333333333333333,1.0,1.0,0.0,1.0,3.0,3.0,1.0,0.0,0.0,0.0,3.0,True,False,False,9.95890410958904,1.861230329041488,1.8808066258552392,severe_HL
Dnajc14,Dnajc14<tm1.1(KOMP)Vlcg>,homozygote,JAX,all,Dnajc14_Dnajc14<tm1.1(KOMP)Vlcg>_homozygote_JAX,3.4617958728388176,0.619,7.0,7,0,4,0.5714285714285714,4,3,0,0,"{0: 4, 1: 3}",4.0,0.0,0.75,3.0,1.0,0.0,0.0,3.0,1.0,0.6666666666666666,1.0,2.0,0.0,0.0,True,False,False,3.4617958728388176,0.8774935461159352,0.3570822731128075,moderate_HL
Lsm14a,Lsm14a<tm1b(KOMP)Wtsi>,heterozygote,MARC,all,Lsm14a_Lsm14a<tm1b(KOMP)Wtsi>_heterozygote_MARC,3.568817818389492,0.607,10.0,4,1,3,0.75,0,3,0,1,"{1: 3, 3: 1}",2.0,1.0,1.0,0.0,2.0,0.0,0.0,2.0,1.0,0.5,0.0,1.0,0.0,1.0,True,False,True,3.568817818389492,0.0566635847312112,3.5223289994347087,control/normal
Tmem145,Tmem145<em1(IMPC)Mbp>,homozygote,UC Davis,all,Tmem145_Tmem145<em1(IMPC)Mbp>_homozygote_UC Davis,3.350190320826536,0.623,4.0,4,2,4,1.0,0,0,4,0,{2: 4},2.0,2.0,1.0,0.0,0.0,2.0,0.0,2.0,2.0,1.0,0.0,0.0,2.0,0.0,True,False,False,3.350190320826536,,,high_frequency_loss
Herc4,Herc4<tm1b(KOMP)Wtsi>,homozygote,MARC,all,Herc4_Herc4<tm1b(KOMP)Wtsi>_homozygote_MARC,3.350190320826536,0.623,4.0,4,1,2,0.5,2,2,0,0,"{1: 2, 0: 2}",2.0,1.0,1.0,0.0,2.0,0.0,0.0,2.0,0.0,1.0,2.0,0.0,0.0,0.0,True,False,False,3.350190320826536,,,control/normal
Fosb,Fosb<tm1b(KOMP)Wtsi>,homozygote,UC Davis,all,Fosb_Fosb<tm1b(KOMP)Wtsi>_homozygote_UC Davis,3.0878896269800715,0.617,4.0,4,1,3,0.75,1,3,0,0,"{1: 3, 0: 1}",2.0,1.0,1.0,0.0,2.0,0.0,0.0,2.0,1.0,0.5,1.0,1.0,0.0,0.0,True,False,False,3.0878896269800715,,,control/normal
Kdm5a,Kdm5a<em1(IMPC)Marc>,heterozygote,MARC,all,Kdm5a_Kdm5a<em1(IMPC)Marc>_heterozygote_MARC,3.4272274488101826,0.624,4.0,4,1,4,1.0,0,4,0,0,{1: 4},2.0,1.0,1.0,0.0,2.0,0.0,0.0,2.0,1.0,1.0,0.0,2.0,0.0,0.0,True,False,False,3.4272274488101826,,,control/normal
Ccdc92,Ccdc92<tm1b(KOMP)Mbp>,homozygote,UC Davis,all,Ccdc92_Ccdc92<tm1b(KOMP)Mbp>_homozygote_UC Davis,3.352557127312296,0.622,4.0,4,1,3,0.75,1,3,0,0,"{0: 1, 1: 3}",2.0,0.0,0.5,1.0,1.0,0.0,0.0,2.0,1.0,1.0,0.0,2.0,0.0,0.0,True,False,False,3.352557127312296,,,control/normal
Mreg,Mreg<tm1b(EUCOMM)Hmgu>,homozygote,KMPC,all,Mreg_Mreg<tm1b(EUCOMM)Hmgu>_homozygote_KMPC,3.489337822671156,0.626,4.0,4,3,4,1.0,0,0,0,4,{3: 4},2.0,3.0,1.0,0.0,0.0,0.0,2.0,2.0,3.0,1.0,0.0,0.0,0.0,2.0,True,False,False,3.489337822671156,,,severe_HL
Klhdc7b,Klhdc7b<em1(IMPC)H>,homozygote,MRC Harwell,all,Klhdc7b_Klhdc7b<em1(IMPC)H>_homozygote_MRC Harwell,3.3739748496446147,0.625,4.0,4,0,4,1.0,4,0,0,0,{0: 4},2.0,0.0,1.0,2.0,0.0,0.0,0.0,2.0,0.0,1.0,2.0,0.0,0.0,0.0,True,False,False,3.3739748496446147,,,moderate_HL
Nin,Nin<tm1b(EUCOMM)Hmgu>,homozygote,RBRC,all,Nin_Nin<tm1b(EUCOMM)Hmgu>_homozygote_RBRC,3.324324324324324,0.625,4.0,3,2,2,0.6666666666666666,1,0,2,0,"{2: 2, 0: 1}",3.0,2.0,0.6666666666666666,1.0,0.0,2.0,0.0,0.0,,,0.0,0.0,0.0,0.0,True,True,False,3.324324324324324,3.25758382118148,,high_frequency_loss
Vti1a,Vti1a<tm1.1(KOMP)Vlcg>,homozygote,UC Davis,all,Vti1a_Vti1a<tm1.1(KOMP)Vlcg>_homozygote_UC Davis,3.496908375491849,0.627,4.0,4,0,3,0.75,3,1,0,0,"{0: 3, 1: 1}",2.0,0.0,0.5,1.0,1.0,0.0,0.0,2.0,0.0,1.0,2.0,0.0,0.0,0.0,True,False,False,3.496908375491849,,,moderate_HL
Scamp2,Scamp2<em1(IMPC)J>,homozygote,JAX,all,Scamp2_Scamp2<em1(IMPC)J>_homozygote_JAX,16.02127659574468,0.726,7.0,7,2,7,1.0,0,0,7,0,{2: 7},3.0,2.0,1.0,0.0,0.0,3.0,0.0,4.0,2.0,1.0,0.0,0.0,4.0,0.0,True,False,True,16.02127659574468,1.9197080291970805,3.329004329004329,high_frequency_loss
Relch,Relch<em1(IMPC)J>,homozygote,JAX,all,Relch_Relch<em1(IMPC)J>_homozygote_JAX,32.333333333333336,0.75,8.0,8,0,7,0.875,7,0,1,0,"{0: 7, 2: 1}",4.0,0.0,1.0,4.0,0.0,0.0,0.0,4.0,0.0,0.75,3.0,0.0,1.0,0.0,True,True,True,32.333333333333336,3.5897877223178427,3.287245444801715,moderate_HL
Tomt,Tomt<em1(IMPC)Tcp>,homozygote,TCP,all,Tomt_Tomt<em1(IMPC)Tcp>_homozygote_TCP,3.4742729306487696,0.625,4.0,4,2,4,1.0,0,0,4,0,{2: 4},2.0,2.0,1.0,0.0,0.0,2.0,0.0,2.0,2.0,1.0,0.0,0.0,2.0,0.0,True,False,False,3.4742729306487696,,,high_frequency_loss
Cacna2d1,Cacna2d1<em1(IMPC)Mbp>,homozygote,UC Davis,all,Cacna2d1_Cacna2d1<em1(IMPC)Mbp>_homozygote_UC Davis,3.221635883905013,0.621,4.0,4,1,3,0.75,0,3,0,1,"{3: 1, 1: 3}",2.0,3.0,0.5,0.0,1.0,0.0,1.0,2.0,1.0,1.0,0.0,2.0,0.0,0.0,True,False,False,3.221635883905013,,,control/normal
Gata2,Gata2<tm1b(KOMP)Wtsi>,heterozygote,UC Davis,all,Gata2_Gata2<tm1b(KOMP)Wtsi>_heterozygote_UC Davis,3.4198895027624308,0.625,4.0,4,0,4,1.0,4,0,0,0,{0: 4},2.0,0.0,1.0,2.0,0.0,0.0,0.0,2.0,0.0,1.0,2.0,0.0,0.0,0.0,True,False,False,3.4198895027624308,,,moderate_HL
Adgrv1,Adgrv1<tm1.1(KOMP)Vlcg>,homozygote,UC Davis,all,Adgrv1_Adgrv1<tm1.1(KOMP)Vlcg>_homozygote_UC Davis,3.5095828635851185,0.626,4.0,4,2,4,1.0,0,0,4,0,{2: 4},2.0,2.0,1.0,0.0,0.0,2.0,0.0,2.0,2.0,1.0,0.0,0.0,2.0,0.0,True,False,False,3.5095828635851185,,,high_frequency_loss
Tmem51,Tmem51<tm1b(EUCOMM)Hmgu>,homozygote,MRC Harwell,all,Tmem51_Tmem51<tm1b(EUCOMM)Hmgu>_homozygote_MRC Harwell,3.412575841147269,0.626,4.0,4,0,3,0.75,3,0,1,0,"{2: 1, 0: 3}",2.0,2.0,0.5,1.0,0.0,1.0,0.0,2.0,0.0,1.0,2.0,0.0,0.0,0.0,True,False,False,3.412575841147269,,,moderate_HL
Ildr1,Ildr1<tm1(KOMP)Wtsi>,homozygote,WTSI,all,Ildr1_Ildr1<tm1(KOMP)Wtsi>_homozygote_WTSI,16.130620985010708,0.727,7.0,7,2,7,1.0,0,0,7,0,{2: 7},5.0,2.0,1.0,0.0,0.0,5.0,0.0,2.0,2.0,1.0,0.0,0.0,2.0,0.0,True,True,False,16.130620985010708,5.666666666666667,,high_frequency_loss
Zfp469,Zfp469<em1(IMPC)Mbp>,homozygote,UC Davis,all,Zfp469_Zfp469<em1(IMPC)Mbp>_homozygote_UC Davis,3.36442989634479,0.624,4.0,4,3,4,1.0,0,0,0,4,{3: 4},2.0,3.0,1.0,0.0,0.0,0.0,2.0,2.0,3.0,1.0,0.0,0.0,0.0,2.0,True,False,False,3.36442989634479,,,severe_HL
Prdm5,Prdm5<em1(IMPC)Tcp>,homozygote,TCP,all,Prdm5_Prdm5<em1(IMPC)Tcp>_homozygote_TCP,4.961251862891207,0.637,7.0,7,1,6,0.8571428571428571,1,6,0,0,"{1: 6, 0: 1}",3.0,1.0,1.0,0.0,3.0,0.0,0.0,4.0,1.0,0.75,1.0,3.0,0.0,0.0,True,False,True,4.961251862891207,0.4585232452142206,3.175365344467641,control/normal
Slc4a10,Slc4a10<tm1b(KOMP)Wtsi>,homozygote,MRC Harwell,all,Slc4a10_Slc4a10<tm1b(KOMP)Wtsi>_homozygote_MRC Harwell,3.46927374301676,0.626,4.0,4,0,4,1.0,4,0,0,0,{0: 4},2.0,0.0,1.0,2.0,0.0,0.0,0.0,2.0,0.0,1.0,2.0,0.0,0.0,0.0,True,False,False,3.46927374301676,,,moderate_HL
Tmem30b,Tmem30b<tm1b(EUCOMM)Wtsi>,homozygote,UC Davis,all,Tmem30b_Tmem30b<tm1b(EUCOMM)Wtsi>_homozygote_UC Davis,3.4868199663488504,0.627,4.0,4,2,4,1.0,0,0,4,0,{2: 4},2.0,2.0,1.0,0.0,0.0,2.0,0.0,2.0,2.0,1.0,0.0,0.0,2.0,0.0,True,False,False,3.4868199663488504,,,high_frequency_loss
Pjvk,Pjvk<em1(IMPC)J>,homozygote,JAX,all,Pjvk_Pjvk<em1(IMPC)J>_homozygote_JAX,5.2015503875969,0.637,7.0,7,2,6,0.8571428571428571,0,1,6,0,"{2: 6, 1: 1}",3.0,2.0,0.6666666666666666,0.0,1.0,2.0,0.0,4.0,2.0,1.0,0.0,0.0,4.0,0.0,True,False,True,5.2015503875969,0.524390243902439,3.3835616438356166,high_frequency_loss
Ccdc88c,Ccdc88c<tm1.1(KOMP)Mbp>,homozygote,UC Davis,all,Ccdc88c_Ccdc88c<tm1.1(KOMP)Mbp>_homozygote_UC Davis,3.5610034207525656,0.627,4.0,4,3,3,0.75,1,0,0,3,"{3: 3, 0: 1}",2.0,3.0,1.0,0.0,0.0,0.0,2.0,2.0,3.0,0.5,1.0,0.0,0.0,1.0,True,False,False,3.5610034207525656,,,severe_HL
Oxsm,Oxsm<em2(IMPC)Marc>,heterozygote,MARC,all,Oxsm_Oxsm<em2(IMPC)Marc>_heterozygote_MARC,3.381161007667032,0.627,4.0,4,1,2,0.5,2,2,0,0,"{1: 2, 0: 2}",2.0,1.0,0.5,1.0,1.0,0.0,0.0,2.0,1.0,0.5,1.0,1.0,0.0,0.0,True,False,False,3.381161007667032,,,control/normal
Clrn1,Clrn1<tm1.1(KOMP)Vlcg>,homozygote,UC Davis,all,Clrn1_Clrn1<tm1.1(KOMP)Vlcg>_homozygote_UC Davis,3.501969611705121,0.625,4.0,4,2,4,1.0,0,0,4,0,{2: 4},2.0,2.0,1.0,0.0,0.0,2.0,0.0,2.0,2.0,1.0,0.0,0.0,2.0,0.0,True,False,False,3.501969611705121,,,high_frequency_loss
Cyb5r2,Cyb5r2<tm1b(EUCOMM)Hmgu>,homozygote,MRC Harwell,all,Cyb5r2_Cyb5r2<tm1b(EUCOMM)Hmgu>_homozygote_MRC Harwell,6.2727272727272725,0.672,6.0,6,1,4,0.6666666666666666,2,4,0,0,"{0: 2, 1: 4}",2.0,1.0,1.0,0.0,2.0,0.0,0.0,4.0,0.0,0.5,2.0,2.0,0.0,0.0,True,False,False,6.2727272727272725,,1.823861630780092,control/normal
Pank2,Pank2<em1(IMPC)Ccpcz>,homozygote,CCP-IMG,all,Pank2_Pank2<em1(IMPC)Ccpcz>_homozygote_CCP-IMG,5.866952789699571,0.644,10.0,10,3,4,0.4,2,4,0,4,"{3: 4, 0: 2, 1: 4}",5.0,3.0,0.4,1.0,2.0,0.0,2.0,5.0,1.0,0.4,1.0,2.0,0.0,2.0,True,False,False,5.866952789699571,1.4286581663630844,1.2002200220022,severe_HL
Mkrn2,Mkrn2<tm1b(KOMP)Wtsi>,homozygote,WTSI,all,Mkrn2_Mkrn2<tm1b(KOMP)Wtsi>_homozygote_WTSI,3.2038885969521806,0.596,10.0,10,1,9,0.9,0,9,0,1,"{3: 1, 1: 9}",5.0,1.0,0.8,0.0,4.0,0.0,1.0,5.0,1.0,1.0,0.0,5.0,0.0,0.0,True,False,False,3.2038885969521806,0.5293442936341044,2.7209302325581395,control/normal
Nptn,Nptn<tm1b(EUCOMM)Hmgu>,homozygote,MRC Harwell,all,Nptn_Nptn<tm1b(EUCOMM)Hmgu>_homozygote_MRC Harwell,3.3549265106151336,0.623,4.0,4,2,3,0.75,1,0,3,0,"{2: 3, 0: 1}",2.0,2.0,0.5,1.0,0.0,1.0,0.0,2.0,2.0,1.0,0.0,0.0,2.0,0.0,True,False,False,3.3549265106151336,,,high_frequency_loss
Ocm,Ocm<tm1e(EUCOMM)Wtsi>,homozygote,WTSI,all,Ocm_Ocm<tm1e(EUCOMM)Wtsi>_homozygote_WTSI,29.18867924528302,0.751,8.0,8,2,8,1.0,0,0,8,0,{2: 8},5.0,2.0,1.0,0.0,0.0,5.0,0.0,3.0,2.0,1.0,0.0,0.0,3.0,0.0,True,True,False,29.18867924528302,5.878761822871883,1.896451846488052,high_frequency_loss
Mettl5,Mettl5<em1(IMPC)Hmgu>,heterozygote,HMGU,all,Mettl5_Mettl5<em1(IMPC)Hmgu>_heterozygote_HMGU,3999.0,0.857,19.0,19,1,13,0.6842105263157895,6,13,0,0,"{1: 13, 0: 6}",10.0,1.0,0.7,3.0,7.0,0.0,0.0,9.0,1.0,0.6666666666666666,3.0,6.0,0.0,0.0,True,True,True,3999.0,88.88764044943821,5.106870229007634,control/normal
Mettl5,Mettl5<em1(IMPC)Hmgu>,homozygote,HMGU,all,Mettl5_Mettl5<em1(IMPC)Hmgu>_homozygote_HMGU,23.169184290030213,0.734,9.0,9,0,5,0.5555555555555556,5,3,1,0,"{0: 5, 1: 3, 2: 1}",6.0,0.0,0.6666666666666666,4.0,2.0,0.0,0.0,3.0,0.0,0.3333333333333333,1.0,1.0,1.0,0.0,True,True,False,23.169184290030213,7.105369807497467,1.9895366218236168,moderate_HL
Camsap3,Camsap3<tm1a(EUCOMM)Wtsi>,homozygote,WTSI,all,Camsap3_Camsap3<tm1a(EUCOMM)Wtsi>_homozygote_WTSI,16.54385964912281,0.727,7.0,7,0,4,0.5714285714285714,4,3,0,0,"{0: 4, 1: 3}",1.0,0.0,1.0,1.0,0.0,0.0,0.0,6.0,0.0,0.5,3.0,3.0,0.0,0.0,True,False,True,16.54385964912281,,9.914051841746248,moderate_HL
Ush1c,Ush1c<tm1a(KOMP)Wtsi>,homozygote,WTSI,all,Ush1c_Ush1c<tm1a(KOMP)Wtsi>_homozygote_WTSI,10.730205278592376,0.701,6.0,6,2,6,1.0,0,0,6,0,{2: 6},4.0,2.0,1.0,0.0,0.0,4.0,0.0,2.0,2.0,1.0,0.0,0.0,2.0,0.0,True,True,False,10.730205278592376,3.424778761061947,,high_frequency_loss
Cabp2,Cabp2<em1(IMPC)J>,homozygote,JAX,all,Cabp2_Cabp2<em1(IMPC)J>_homozygote_JAX,48.68944099378882,0.768,9.0,9,2,8,0.8888888888888888,1,0,8,0,"{2: 8, 0: 1}",5.0,2.0,0.8,1.0,0.0,4.0,0.0,4.0,2.0,1.0,0.0,0.0,4.0,0.0,True,True,True,48.68944099378882,5.90846286701209,3.36442989634479,high_frequency_loss
Tmprss2,Tmprss2<tm2b(EUCOMM)Hmgu>,homozygote,ICS,all,Tmprss2_Tmprss2<tm2b(EUCOMM)Hmgu>_homozygote_ICS,10.0803324099723,0.699,6.0,6,3,5,0.8333333333333334,0,1,0,5,"{3: 5, 1: 1}",3.0,3.0,1.0,0.0,0.0,0.0,3.0,3.0,3.0,0.6666666666666666,0.0,1.0,0.0,2.0,True,False,False,10.0803324099723,1.7777777777777777,1.904865649963689,severe_HL
Atp8b1,Atp8b1<em1(IMPC)Tcp>,homozygote,TCP,all,Atp8b1_Atp8b1<em1(IMPC)Tcp>_homozygote_TCP,10.782032400589102,0.7,6.0,6,2,6,1.0,0,0,6,0,{2: 6},3.0,2.0,1.0,0.0,0.0,3.0,0.0,3.0,2.0,1.0,0.0,0.0,3.0,0.0,True,False,False,10.782032400589102,1.9498525073746311,1.9411764705882355,high_frequency_loss
Bap1,Bap1<em2(IMPC)Marc>,heterozygote,MARC,all,Bap1_Bap1<em2(IMPC)Marc>_heterozygote_MARC,3.2803638309256287,0.623,4.0,4,1,2,0.5,1,2,0,1,"{0: 1, 1: 2, 3: 1}",2.0,1.0,1.0,0.0,2.0,0.0,0.0,2.0,0.0,0.5,1.0,0.0,0.0,1.0,True,False,False,3.2803638309256287,,,control/normal
Fbxo24,Fbxo24<em2(IMPC)Marc>,homozygote,MARC,all,Fbxo24_Fbxo24<em2(IMPC)Marc>_homozygote_MARC,3.5792787635947336,0.626,4.0,4,1,2,0.5,1,2,0,1,"{0: 1, 1: 2, 3: 1}",2.0,3.0,0.5,0.0,1.0,0.0,1.0,2.0,0.0,0.5,1.0,1.0,0.0,0.0,True,False,False,3.5792787635947336,,,control/normal
Mpdz,Mpdz<em1(IMPC)J>,homozygote,JAX,all,Mpdz_Mpdz<em1(IMPC)J>_homozygote_JAX,9.19108280254777,0.681,8.0,8,0,5,0.625,5,0,3,0,"{2: 3, 0: 5}",4.0,0.0,0.75,3.0,0.0,1.0,0.0,4.0,0.0,0.5,2.0,0.0,2.0,0.0,True,True,False,9.19108280254777,3.3739748496446147,0.9728729963008632,moderate_HL
Mgrn1,Mgrn1<em1(IMPC)Tcp>,homozygote,TCP,all,Mgrn1_Mgrn1<em1(IMPC)Tcp>_homozygote_TCP,14.717092337917483,0.724,7.0,7,0,6,0.8571428571428571,6,0,1,0,"{0: 6, 2: 1}",6.0,0.0,0.8333333333333334,5.0,0.0,1.0,0.0,1.0,0.0,1.0,1.0,0.0,0.0,0.0,True,True,False,14.717092337917483,9.624169986719789,,moderate_HL
Baiap2l2,Baiap2l2<tm1b(EUCOMM)Hmgu>,homozygote,ICS,all,Baiap2l2_Baiap2l2<tm1b(EUCOMM)Hmgu>_homozygote_ICS,726.2727272727273,0.816,16.0,16,0,10,0.625,10,1,5,0,"{0: 10, 2: 5, 1: 1}",8.0,2.0,0.625,3.0,0.0,5.0,0.0,8.0,0.0,0.875,7.0,1.0,0.0,0.0,True,True,True,726.2727272727273,28.197080291970803,27.268551236749115,moderate_HL
Baiap2l2,Baiap2l2<tm1a(EUCOMM)Hmgu>,homozygote,ICS,all,Baiap2l2_Baiap2l2<tm1a(EUCOMM)Hmgu>_homozygote_ICS,10.799410029498524,0.702,6.0,5,2,5,1.0,0,0,5,0,{2: 5},2.0,2.0,1.0,0.0,0.0,2.0,0.0,3.0,2.0,1.0,0.0,0.0,3.0,0.0,True,False,False,10.799410029498524,1.9563932002956392,1.9197080291970805,high_frequency_loss
Ahsg,Ahsg<tm1.1(KOMP)Vlcg>,homozygote,UC Davis,all,Ahsg_Ahsg<tm1.1(KOMP)Vlcg>_homozygote_UC Davis,3.4198895027624308,0.625,4.0,4,1,2,0.5,2,2,0,0,"{1: 2, 0: 2}",2.0,1.0,0.5,1.0,1.0,0.0,0.0,2.0,1.0,0.5,1.0,1.0,0.0,0.0,True,False,False,3.4198895027624308,,,control/normal
Klhdc8b,Klhdc8b<em1(IMPC)J>,homozygote,JAX,all,Klhdc8b_Klhdc8b<em1(IMPC)J>_homozygote_JAX,3.507042253521127,0.622,8.0,8,1,5,0.625,3,5,0,0,"{1: 5, 0: 3}",4.0,1.0,0.75,1.0,3.0,0.0,0.0,4.0,0.0,0.5,2.0,2.0,0.0,0.0,True,False,False,3.507042253521127,0.1809861234130499,1.902757619738752,control/normal
Usp43,Usp43<em1(IMPC)Marc>,homozygote,MARC,all,Usp43_Usp43<em1(IMPC)Marc>_homozygote_MARC,3.310344827586207,0.624,4.0,4,1,3,0.75,0,3,0,1,"{1: 3, 3: 1}",2.0,1.0,1.0,0.0,2.0,0.0,0.0,2.0,3.0,0.5,0.0,1.0,0.0,1.0,True,False,False,3.310344827586207,,,control/normal
Fndc7,Fndc7<tm1.1(KOMP)Vlcg>,homozygote,UC Davis,all,Fndc7_Fndc7<tm1.1(KOMP)Vlcg>_homozygote_UC Davis,3.241781548250265,0.622,4.0,4,1,3,0.75,1,3,0,0,"{1: 3, 0: 1}",2.0,1.0,1.0,0.0,2.0,0.0,0.0,2.0,1.0,0.5,1.0,1.0,0.0,0.0,True,False,False,3.241781548250265,,,control/normal
Pcp4l1,Pcp4l1<tm1b(KOMP)Wtsi>,homozygote,HMGU,all,Pcp4l1_Pcp4l1<tm1b(KOMP)Wtsi>_homozygote_HMGU,15.326530612244898,0.722,7.0,7,0,5,0.7142857142857143,5,2,0,0,"{0: 5, 1: 2}",3.0,0.0,0.6666666666666666,2.0,1.0,0.0,0.0,4.0,0.0,0.75,3.0,1.0,0.0,0.0,True,False,True,15.326530612244898,1.8298549699327908,3.333694474539545,moderate_HL
Myh1,Myh1<tm1b(KOMP)Wtsi>,homozygote,JAX,all,Myh1_Myh1<tm1b(KOMP)Wtsi>_homozygote_JAX,9.403120936280883,0.7,6.0,6,1,3,0.5,3,3,0,0,"{1: 3, 0: 3}",3.0,0.0,0.6666666666666666,2.0,1.0,0.0,0.0,3.0,1.0,0.6666666666666666,1.0,2.0,0.0,0.0,True,False,False,9.403120936280883,1.929329915781765,1.952029520295203,control/normal
Tmco6,Tmco6<tm1.1(KOMP)Vlcg>,homozygote,JAX,all,Tmco6_Tmco6<tm1.1(KOMP)Vlcg>_homozygote_JAX,11.519561815336465,0.708,7.0,7,0,5,0.7142857142857143,5,0,2,0,"{0: 5, 2: 2}",4.0,0.0,0.75,3.0,0.0,1.0,0.0,3.0,0.0,0.6666666666666666,2.0,0.0,1.0,0.0,True,True,False,11.519561815336465,3.441976679622432,1.849002849002849,moderate_HL
Adgrb1,Adgrb1<tm2a(EUCOMM)Wtsi>,homozygote,WTSI,all,Adgrb1_Adgrb1<tm2a(EUCOMM)Wtsi>_homozygote_WTSI,31.6530612244898,0.75,8.0,8,0,4,0.5,4,0,2,2,"{0: 4, 3: 2, 2: 2}",6.0,3.0,0.3333333333333333,2.0,0.0,2.0,2.0,2.0,0.0,1.0,2.0,0.0,0.0,0.0,True,True,False,31.6530612244898,9.869565217391305,,moderate_HL
Akr1c12,Akr1c12<tm1b(KOMP)Wtsi>,homozygote,MARC,all,Akr1c12_Akr1c12<tm1b(KOMP)Wtsi>_homozygote_MARC,3.39802089059923,0.626,4.0,4,1,3,0.75,0,3,0,1,"{1: 3, 3: 1}",2.0,1.0,0.5,0.0,1.0,0.0,1.0,2.0,1.0,1.0,0.0,2.0,0.0,0.0,True,False,False,3.39802089059923,,,control/normal
Scand1,Scand1<em1(IMPC)H>,homozygote,MRC Harwell,all,Scand1_Scand1<em1(IMPC)H>_homozygote_MRC Harwell,3.371584699453552,0.622,4.0,4,0,4,1.0,4,0,0,0,{0: 4},2.0,0.0,1.0,2.0,0.0,0.0,0.0,2.0,0.0,1.0,2.0,0.0,0.0,0.0,True,False,False,3.371584699453552,,,moderate_HL
Rtn4rl2,Rtn4rl2<em1(IMPC)Mbp>,homozygote,UC Davis,all,Rtn4rl2_Rtn4rl2<em1(IMPC)Mbp>_homozygote_UC Davis,3.4370493621741542,0.626,4.0,4,3,2,0.5,1,1,0,2,"{1: 1, 0: 1, 3: 2}",2.0,1.0,0.5,1.0,1.0,0.0,0.0,2.0,3.0,1.0,0.0,0.0,0.0,2.0,True,False,False,3.4370493621741542,,,severe_HL
Marveld2,Marveld2<tm1b(EUCOMM)Wtsi>,homozygote,MRC Harwell,all,Marveld2_Marveld2<tm1b(EUCOMM)Wtsi>_homozygote_MRC Harwell,3.4742729306487696,0.625,4.0,4,2,4,1.0,0,0,4,0,{2: 4},2.0,2.0,1.0,0.0,0.0,2.0,0.0,2.0,2.0,1.0,0.0,0.0,2.0,0.0,True,False,False,3.4742729306487696,,,high_frequency_loss
Agap1,Agap1<tm1a(EUCOMM)Wtsi>,homozygote,WTSI,all,Agap1_Agap1<tm1a(EUCOMM)Wtsi>_homozygote_WTSI,11.965964343598054,0.692,9.0,9,1,9,1.0,0,9,0,0,{1: 9},8.0,1.0,1.0,0.0,8.0,0.0,0.0,1.0,1.0,1.0,0.0,1.0,0.0,0.0,True,True,False,11.965964343598054,7.7527352297593,,control/normal
Tram2,Tram2<tm1a(KOMP)Wtsi>,homozygote,WTSI,all,Tram2_Tram2<tm1a(KOMP)Wtsi>_homozygote_WTSI,7.724100327153762,0.666,8.0,8,0,6,0.75,6,1,1,0,"{1: 1, 2: 1, 0: 6}",3.0,0.0,0.6666666666666666,2.0,1.0,0.0,0.0,5.0,0.0,0.8,4.0,0.0,1.0,0.0,True,False,True,7.724100327153762,1.9411764705882355,6.352941176470588,moderate_HL
Rabggta,Rabggta<tm1.1(KOMP)Vlcg>,heterozygote,MARC,all,Rabggta_Rabggta<tm1.1(KOMP)Vlcg>_heterozygote_MARC,3.1666666666666665,0.618,4.0,4,1,4,1.0,0,4,0,0,{1: 4},2.0,1.0,1.0,0.0,2.0,0.0,0.0,2.0,1.0,1.0,0.0,2.0,0.0,0.0,True,False,False,3.1666666666666665,,,control/normal
Pappa,Pappa<em1(IMPC)H>,homozygote,MRC Harwell,all,Pappa_Pappa<em1(IMPC)H>_homozygote_MRC Harwell,3.3383947939262475,0.627,4.0,4,0,3,0.75,3,0,0,1,"{0: 3, 3: 1}",2.0,0.0,0.5,1.0,0.0,0.0,1.0,2.0,0.0,1.0,2.0,0.0,0.0,0.0,True,False,False,3.3383947939262475,,,moderate_HL
Defb43,Defb43<tm1b(KOMP)Wtsi>,homozygote,MARC,all,Defb43_Defb43<tm1b(KOMP)Wtsi>_homozygote_MARC,3.46927374301676,0.625,4.0,4,1,3,0.75,1,3,0,0,"{0: 1, 1: 3}",2.0,1.0,1.0,0.0,2.0,0.0,0.0,2.0,0.0,0.5,1.0,1.0,0.0,0.0,True,False,False,3.46927374301676,,,control/normal
Sun1,Sun1<tm1b(EUCOMM)Wtsi>,homozygote,ICS,male,Sun1_Sun1<tm1b(EUCOMM)Wtsi>_homozygote_ICS_male,10.577424023154848,0.7,6.0,6,2,6,1.0,0,0,6,0,{2: 6},,,,,,,,,,,,,,,False,True,False,1.5781501772478246,10.577424023154848,0.0161310809094373,high_frequency_loss
Mir96,Mir96<tm2.2(IMPC)Wtsi>,homozygote,WTSI,male,Mir96_Mir96<tm2.2(IMPC)Wtsi>_homozygote_WTSI_male,10.251758087201123,0.702,6.0,6,2,6,1.0,0,0,6,0,{2: 6},,,,,,,,,,,,,,,True,True,False,10.220196353436185,10.251758087201123,,high_frequency_loss
Pcyox1l,Pcyox1l<em1(IMPC)J>,homozygote,JAX,male,Pcyox1l_Pcyox1l<em1(IMPC)J>_homozygote_JAX_male,3.5662100456621006,0.627,4.0,4,2,2,0.5,2,0,2,0,"{2: 2, 0: 2}",,,,,,,,,,,,,,,False,True,False,2.690036900369004,3.5662100456621006,0.5518913676042677,high_frequency_loss
Ptchd1,Ptchd1<tm1b(KOMP)IcsOrl>,hemizygote,ICS,male,Ptchd1_Ptchd1<tm1b(KOMP)IcsOrl>_hemizygote_ICS_male,4.9171597633136095,0.638,7.0,7,3,6,0.8571428571428571,0,1,0,6,"{3: 6, 1: 1}",,,,,,,,,,,,,,,True,True,False,4.563282336578581,4.9171597633136095,,severe_HL
Ube2g1,Ube2g1<tm1b(EUCOMM)Hmgu>,homozygote,RBRC,male,Ube2g1_Ube2g1<tm1b(EUCOMM)Hmgu>_homozygote_RBRC_male,3.3883708173340645,0.626,4.0,4,0,3,0.75,3,1,0,0,"{1: 1, 0: 3}",,,,,,,,,,,,,,,True,True,False,3.371584699453552,3.3883708173340645,,moderate_HL
Wdr45,Wdr45<em1(IMPC)J>,homozygote,JAX,female,Wdr45_Wdr45<em1(IMPC)J>_homozygote_JAX_female,3.2757883484767505,0.621,4.0,4,0,3,0.75,3,1,0,0,"{0: 3, 1: 1}",,,,,,,,,,,,,,,True,False,True,3.206098843322818,,3.2757883484767505,moderate_HL
Ankrd24,Ankrd24<em1(IMPC)J>,homozygote,JAX,female,Ankrd24_Ankrd24<em1(IMPC)J>_homozygote_JAX_female,3.5300113250283127,0.624,4.0,4,0,4,1.0,4,0,0,0,{0: 4},,,,,,,,,,,,,,,True,False,True,3.04244567963618,0.3717421124828532,3.5300113250283127,moderate_HL
Ankrd11,Ankrd11<tm1b(EUCOMM)Wtsi>,heterozygote,ICS,female,Ankrd11_Ankrd11<tm1b(EUCOMM)Wtsi>_heterozygote_ICS_female,31.388663967611336,0.75,8.0,8,0,4,0.5,4,3,0,1,"{1: 3, 0: 4, 3: 1}",,,,,,,,,,,,,,,True,False,True,7.097165991902834,0.2075471698113207,31.388663967611336,moderate_HL
U2af1,U2af1<em1(IMPC)J>,heterozygote,JAX,female,U2af1_U2af1<em1(IMPC)J>_heterozygote_JAX_female,3.4101433296582138,0.624,4.0,4,0,4,1.0,4,0,0,0,{0: 4},,,,,,,,,,,,,,,False,False,True,2.6101083032490973,0.3084723585214262,3.4101433296582138,moderate_HL
Myo3a,Myo3a<tm1b(KOMP)Wtsi>,homozygote,JAX,female,Myo3a_Myo3a<tm1b(KOMP)Wtsi>_homozygote_JAX_female,3.3859649122807016,0.625,4.0,4,0,3,0.75,3,1,0,0,"{1: 1, 0: 3}",,,,,,,,,,,,,,,False,False,True,2.659652333028362,0.2700428639466582,3.3859649122807016,moderate_HL
Actl6b,Actl6b<em1(IMPC)J>,heterozygote,JAX,female,Actl6b_Actl6b<em1(IMPC)J>_heterozygote_JAX_female,3.434589800443459,0.625,4.0,4,0,4,1.0,4,0,0,0,{0: 4},,,,,,,,,,,,,,,False,False,True,0.3838436256702993,0.0090817356205852,3.434589800443459,moderate_HL
Csnk1g3,Csnk1g3<tm1a(EUCOMM)Wtsi>,homozygote,WTSI,female,Csnk1g3_Csnk1g3<tm1a(EUCOMM)Wtsi>_homozygote_WTSI_female,3.424778761061947,0.624,4.0,4,1,4,1.0,0,4,0,0,{1: 4},,,,,,,,,,,,,,,False,False,True,1.5173064820641913,0.0104837691044587,3.424778761061947,control/normal
Tmem108,Tmem108<tm1b(EUCOMM)Wtsi>,homozygote,ICS,female,Tmem108_Tmem108<tm1b(EUCOMM)Wtsi>_homozygote_ICS_female,3.056795131845842,0.596,8.0,8,1,5,0.625,2,5,0,1,"{0: 2, 1: 5, 3: 1}",,,,,,,,,,,,,,,False,False,True,1.23463687150838,0.1702750146284377,3.056795131845842,control/normal
Myo1d,Myo1d<em1(IMPC)J>,homozygote,JAX,female,Myo1d_Myo1d<em1(IMPC)J>_homozygote_JAX_female,3.343105320304017,0.626,4.0,4,0,4,1.0,4,0,0,0,{0: 4},,,,,,,,,,,,,,,False,False,True,2.67140890316659,0.2911555842479019,3.343105320304017,moderate_HL
D6Wsu163e,D6Wsu163e<tm1b(EUCOMM)Wtsi>,homozygote,WTSI,female,D6Wsu163e_D6Wsu163e<tm1b(EUCOMM)Wtsi>_homozygote_WTSI_female,3.3835616438356166,0.623,4.0,4,1,4,1.0,0,4,0,0,{1: 4},,,,,,,,,,,,,,,False,False,True,2.582624272279445,0.3061224489795918,3.3835616438356166,control/normal
Wdtc1,Wdtc1<tm1a(KOMP)Wtsi>,homozygote,WTSI,female,Wdtc1_Wdtc1<tm1a(KOMP)Wtsi>_homozygote_WTSI_female,3.294149221685453,0.626,4.0,4,3,4,1.0,0,0,0,4,{3: 4},,,,,,,,,,,,,,,False,False,True,0.6086869093102755,0.017293997965412,3.294149221685453,severe_HL
